"time, 10^(-5) c",colisions,Material,target
0.060134263,18,3,0
0.015264993,11,3,0
0.058799349,17,3,0
0.04702673,14,3,0
0.018140874,10,3,0
0.052367483,15,3,0
0.052094259,20,3,0
0.092340247,12,3,0
0.097419704,19,3,0
0.056674949,16,3,0
0.205997511,18,3,0
0.016264071,16,3,0
0.063952484,12,3,0
0.083436249,19,3,0
0.040482629,10,3,0
0.062880469,21,3,0
0.041588548,16,3,0
0.041618594,10,3,0
0.023179459,8,3,0
0.098767529,13,3,0
0.045968053,11,3,0
0.060024851,15,3,0
0.052695418,16,3,0
0.157339433,26,3,0
0.074659854,13,3,0
0.150359945,20,3,0
0.113467779,20,3,0
0.037329987,15,3,0
0.020473352,18,3,0
0.06937836,17,3,0
0.020039516,10,3,0
0.027453014,16,3,0
0.028224034,18,3,0
0.050996574,20,3,0
0.038080958,15,3,0
0.119750377,20,3,0
0.112768784,17,3,0
0.065158386,21,3,0
0.008105794,7,3,0
0.076826165,8,3,0
0.062703517,14,3,0
0.022904186,17,3,0
0.05653109,16,3,0
0.020921497,14,3,0
0.017379646,7,3,0
0.028721726,12,3,0
0.058571766,17,3,0
0.035571563,15,3,0
0.190956432,15,3,0
0.053378497,21,3,0
0.011940786,9,3,0
0.093565439,18,3,0
0.072860929,20,3,0
0.121715442,16,3,0
0.071157116,22,3,0
0.090858685,13,3,0
0.146384252,21,3,0
0.029131522,20,3,0
0.073519312,20,3,0
0.050786669,14,3,0
0.041405978,26,3,0
0.017364007,7,3,0
0.008660238,13,3,0
0.062275585,17,3,0
0.118365057,11,3,0
0.008043741,13,3,0
0.037765302,10,3,0
0.057078835,17,3,0
0.050858816,14,3,0
0.044142474,16,3,0
0.067269735,13,3,0
0.135314435,27,3,0
0.107193585,19,3,0
0.019206976,13,3,0
0.03655726,15,3,0
0.075417317,21,3,0
0.036096382,11,3,0
0.068030367,17,3,0
0.16585094,17,3,0
0.158378927,17,3,0
0.10120713,16,3,0
0.079201119,15,3,0
0.016201642,15,3,0
0.296293919,24,3,0
0.025440571,17,3,0
0.027152292,17,3,0
0.081495343,17,3,0
0.044107618,16,3,0
0.102491175,18,3,0
0.052690011,17,3,0
0.248149238,26,3,0
0.046189371,22,3,0
0.137841167,17,3,0
0.081642415,17,3,0
0.075245989,16,3,0
0.016420088,9,3,0
0.079481724,19,3,0
0.206892421,21,3,0
0.176235878,19,3,0
0.022704224,13,3,0
0.127712432,23,3,0
0.053547598,16,3,0
0.115810952,16,3,0
0.005599569,13,3,0
0.021545305,16,3,0
0.235921625,24,3,0
0.017817848,13,3,0
0.026175675,12,3,0
0.034988566,12,3,0
0.039033033,23,3,0
0.070800276,17,3,0
0.052986955,15,3,0
0.030241288,15,3,0
0.019643806,14,3,0
0.063149934,8,3,0
0.048833885,10,3,0
0.131830264,18,3,0
0.023539179,12,3,0
0.021945143,13,3,0
0.034604002,11,3,0
0.053494389,16,3,0
0.008488499,16,3,0
0.148276401,20,3,0
0.042579644,16,3,0
0.010238848,9,3,0
0.058144477,17,3,0
0.102011738,15,3,0
0.090402214,14,3,0
0.083060134,19,3,0
0.039810043,6,3,0
0.113049578,26,3,0
0.120803568,22,3,0
0.139123094,22,3,0
0.027600206,16,3,0
0.122004185,17,3,0
0.049475666,12,3,0
0.067171642,17,3,0
0.025182526,13,3,0
0.006213348,14,3,0
0.045017383,15,3,0
0.101150299,20,3,0
0.013267696,14,3,0
0.018372248,14,3,0
0.03092532,14,3,0
0.227815103,19,3,0
0.00824055,12,3,0
0.129864192,17,3,0
0.030238113,18,3,0
0.19183879,15,3,0
0.056341779,17,3,0
0.090560731,11,3,0
0.061552267,9,3,0
0.144714532,22,3,0
0.077055165,20,3,0
0.021389592,14,3,0
0.068359528,13,3,0
0.026648992,19,3,0
0.17495563,22,3,0
0.119181618,14,3,0
0.388820376,16,3,0
0.032509952,13,3,0
0.087170686,14,3,0
0.025142956,12,3,0
0.007163556,15,3,0
0.17017733,10,3,0
0.059637107,21,3,0
0.121922976,15,3,0
0.045794395,10,3,0
0.058008452,20,3,0
0.021348716,15,3,0
0.025428469,14,3,0
0.064782929,12,3,0
0.012755846,14,3,0
0.090102972,16,3,0
0.081669293,14,3,0
0.018462301,11,3,0
0.058107272,19,3,0
0.036995833,20,3,0
0.019328611,7,3,0
0.148474063,17,3,0
0.101084224,19,3,0
0.040522875,15,3,0
0.005683547,10,3,0
0.048673594,15,3,0
0.036529093,15,3,0
0.023198027,16,3,0
0.043106345,19,3,0
0.043776753,12,3,0
0.031614509,12,3,0
0.063738409,21,3,0
0.044881971,13,3,0
0.113699536,19,3,0
0.024609641,12,3,0
0.024641416,17,3,0
0.031824517,9,3,0
0.068716162,14,3,0
0.056536105,20,3,0
0.034667185,21,3,0
0.031399793,15,3,0
0.014823324,15,3,0
0.016903934,11,3,0
0.016390557,14,3,0
0.096466724,27,3,0
0.03960514,20,3,0
0.017408913,10,3,0
0.117844671,17,3,0
0.104181512,20,3,0
0.060912495,19,3,0
0.052100864,14,3,0
0.049680817,11,3,0
0.024621888,16,3,0
0.061406969,17,3,0
0.060529618,17,3,0
0.047579636,20,3,0
0.037181835,13,3,0
0.111226409,19,3,0
0.037781693,8,3,0
0.052562224,19,3,0
0.066051868,14,3,0
0.046876161,10,3,0
0.06975413,10,3,0
0.202772811,12,3,0
0.068158891,14,3,0
0.205371034,22,3,0
0.073935145,14,3,0
0.081543484,16,3,0
0.049926474,15,3,0
0.042452496,17,3,0
0.022572845,15,3,0
0.021601285,13,3,0
0.133884901,15,3,0
0.162713938,18,3,0
0.153722337,15,3,0
0.018404274,12,3,0
0.06150689,17,3,0
0.015457758,17,3,0
0.064060419,17,3,0
0.035741196,25,3,0
0.01344293,11,3,0
0.123692078,16,3,0
0.034018858,18,3,0
0.162838253,17,3,0
0.02146486,13,3,0
0.036302292,18,3,0
0.116521435,15,3,0
0.037378301,17,3,0
0.058846248,15,3,0
0.048907847,19,3,0
0.053806122,12,3,0
0.04598979,16,3,0
0.117172993,21,3,0
0.032295883,15,3,0
0.080663691,19,3,0
0.025461369,15,3,0
0.039165839,12,3,0
0.035118032,15,3,0
0.016543374,11,3,0
0.073593513,13,3,0
0.106827335,16,3,0
0.06350954,14,3,0
0.057162426,18,3,0
0.034593735,8,3,0
0.086025904,14,3,0
0.037305855,13,3,0
0.095289241,19,3,0
0.008857775,10,3,0
0.070867386,19,3,0
0.050478686,14,3,0
0.022068456,10,3,0
0.066002587,11,3,0
0.124939011,19,3,0
0.054189047,13,3,0
0.015331331,16,3,0
0.108591698,19,3,0
0.048568639,16,3,0
0.09277678,19,3,0
0.092694608,16,3,0
0.030708591,17,3,0
0.036953998,21,3,0
0.053077433,18,3,0
0.013818767,6,3,0
0.138404041,16,3,0
0.06585266,11,3,0
0.072639549,14,3,0
0.097897604,16,3,0
0.059456947,13,3,0
0.038286511,19,3,0
0.140171101,16,3,0
0.095227345,23,3,0
0.039878511,16,3,0
0.165255453,18,3,0
0.041328872,19,3,0
0.142315912,11,3,0
0.04448046,15,3,0
0.02049535,9,3,0
0.042797081,11,3,0
0.08039854,19,3,0
0.162083539,17,3,0
0.064406151,14,3,0
0.029258865,17,3,0
0.286310417,28,1,1
1.206060412,47,1,1
0.802067932,28,1,1
0.210630754,27,1,1
0.8763419,37,1,1
0.569976487,49,1,1
0.775830242,31,1,1
0.426035437,41,1,1
1.331629361,26,1,1
0.247006625,33,1,1
0.317275305,31,1,1
0.477276916,31,1,1
0.403073981,20,1,1
0.912148515,43,1,1
1.132721551,36,1,1
0.722309456,33,1,1
0.562475692,35,1,1
0.282970842,28,1,1
0.24058916,41,1,1
0.305867553,27,1,1
0.489274946,33,1,1
0.43453778,33,1,1
0.368414548,40,1,1
0.548654658,34,1,1
0.261870039,31,1,1
0.528917654,33,1,1
0.539886168,42,1,1
0.865605161,47,1,1
0.603440231,33,1,1
0.787864538,49,1,1
0.159587759,35,1,1
0.39812066,35,1,1
0.350751288,31,1,1
0.744104569,35,1,1
0.97307403,29,1,1
0.237850914,35,1,1
0.920469069,37,1,1
0.194685986,26,1,1
0.361695363,34,1,1
0.796085086,46,1,1
0.441128581,35,1,1
0.591360289,31,1,1
0.585390816,30,1,1
0.940611756,47,1,1
0.809267419,52,1,1
0.392701083,23,1,1
0.396019387,26,1,1
0.390377313,35,1,1
1.606705484,46,1,1
0.439631762,30,1,1
0.710468939,38,1,1
0.795801369,37,1,1
0.242763787,41,1,1
0.268085583,32,1,1
0.255862556,24,1,1
0.734753762,36,1,1
0.654271368,43,1,1
1.039214724,38,1,1
0.569381509,36,1,1
0.186678601,24,1,1
0.864458192,39,1,1
0.498966729,45,1,1
0.65357461,41,1,1
0.6824525,42,1,1
0.477014262,30,1,1
0.359108994,24,1,1
0.589123703,45,1,1
1.138519906,43,1,1
0.682348523,50,1,1
0.425850621,34,1,1
0.285895452,27,1,1
0.740906325,30,1,1
0.922802003,39,1,1
0.83986445,33,1,1
0.426934428,31,1,1
0.80022053,32,1,1
0.531353496,43,1,1
1.457662403,56,1,1
0.481049441,31,1,1
0.639442635,40,1,1
0.802449758,40,1,1
0.433129889,30,1,1
0.498234764,42,1,1
0.528824368,39,1,1
0.253143158,43,1,1
0.433143821,42,1,1
0.958775263,53,1,1
0.797843105,27,1,1
1.208760544,39,1,1
0.764500159,41,1,1
1.378546399,55,1,1
0.719083672,42,1,1
1.114979161,47,1,1
0.451943555,37,1,1
0.414842028,36,1,1
0.222732851,33,1,1
0.555089661,40,1,1
0.417302939,36,1,1
0.36197545,28,1,1
0.980200692,37,1,1
1.310046056,34,1,1
0.501423849,35,1,1
0.514457678,36,1,1
0.279000432,38,1,1
1.279925524,47,1,1
0.557316642,24,1,1
0.4703069,36,1,1
0.37338075,35,1,1
0.813098556,28,1,1
0.990698776,46,1,1
0.345034279,35,1,1
0.275430097,30,1,1
1.107795033,40,1,1
0.576139757,42,1,1
0.192561712,28,1,1
0.34135728,40,1,1
0.362330611,33,1,1
0.605150461,54,1,1
0.405099652,28,1,1
0.682697375,34,1,1
0.198469162,28,1,1
1.151954071,30,1,1
0.53790038,43,1,1
1.182913992,40,1,1
0.887063352,42,1,1
0.315736709,25,1,1
0.501903328,31,1,1
0.427126658,41,1,1
0.808490925,46,1,1
0.576746604,38,1,1
0.65712793,40,1,1
0.576305525,24,1,1
0.805405197,41,1,1
0.64626818,41,1,1
0.710861918,30,1,1
1.126715687,42,1,1
0.474146182,29,1,1
1.144458327,42,1,1
0.393824478,32,1,1
0.535043767,34,1,1
0.732531594,36,1,1
0.538148716,36,1,1
0.887031255,42,1,1
0.808916318,33,1,1
0.142709062,39,1,1
0.509012644,29,1,1
1.232125553,38,1,1
1.177458122,41,1,1
1.039402803,41,1,1
0.351703983,41,1,1
0.502302295,33,1,1
0.648300095,41,1,1
0.122029762,33,1,1
0.311670194,41,1,1
0.354991574,33,1,1
0.520954629,39,1,1
0.982691333,34,1,1
0.543365993,53,1,1
0.358531284,37,1,1
0.895595649,26,1,1
1.067725877,29,1,1
0.847208027,41,1,1
0.696682765,37,1,1
0.782890144,35,1,1
0.597642992,37,1,1
0.917741481,27,1,1
0.847944904,34,1,1
0.491921494,31,1,1
0.671571795,35,1,1
1.13369503,33,1,1
0.196285199,27,1,1
0.634444321,37,1,1
0.836050161,35,1,1
0.149530628,27,1,1
0.770736694,36,1,1
0.860478942,40,1,1
0.160865796,29,1,1
0.683647651,44,1,1
0.337531251,25,1,1
0.756008738,42,1,1
0.306983506,25,1,1
1.300315361,42,1,1
0.585670763,42,1,1
1.100379254,54,1,1
0.715560109,42,1,1
0.418699144,31,1,1
2.111940538,57,1,1
0.295954469,28,1,1
0.370892894,37,1,1
0.525749252,43,1,1
0.158905774,25,1,1
0.602458276,40,1,1
0.470896151,36,1,1
0.264800259,31,1,1
0.566136651,26,1,1
0.572900205,40,1,1
0.346666274,29,1,1
0.735688784,44,1,1
0.854628935,39,1,1
0.341895793,34,1,1
0.263961299,46,1,1
1.633019627,39,1,1
0.818656976,31,1,1
0.697049897,37,1,1
0.725654757,38,1,1
0.413433352,36,1,1
0.860585565,32,1,1
0.490546395,32,1,1
0.472359219,48,1,1
0.160971604,31,1,1
0.783134262,42,1,1
0.414815598,34,1,1
0.743561316,40,1,1
0.566766993,44,1,1
0.44101264,35,1,1
0.480047677,40,1,1
0.680779424,42,1,1
0.367950762,30,1,1
0.351530661,28,1,1
0.355133857,35,1,1
0.344147689,39,1,1
0.170710859,29,1,1
0.491991823,39,1,1
0.238621968,38,1,1
0.476818683,24,1,1
0.368631365,35,1,1
0.997593857,23,1,1
0.269818716,29,1,1
0.729588537,32,1,1
1.156595522,39,1,1
0.348510311,22,1,1
0.707816494,39,1,1
0.353224167,43,1,1
0.673747103,43,1,1
0.503240977,47,1,1
1.174369436,52,1,1
0.206379322,33,1,1
0.534212447,31,1,1
0.767312426,37,1,1
0.888887272,36,1,1
0.734886648,40,1,1
1.25316431,48,1,1
0.683189409,39,1,1
0.791266414,49,1,1
0.443064566,27,1,1
1.18314315,41,1,1
0.590821669,41,1,1
1.00487672,38,1,1
0.59861371,41,1,1
0.311968554,40,1,1
0.648957287,30,1,1
0.421443032,34,1,1
0.683761115,36,1,1
0.277634394,19,1,1
0.500531558,23,1,1
0.218965177,28,1,1
1.117415868,45,1,1
0.33996722,34,1,1
0.845036413,40,1,1
1.119283155,54,1,1
0.771913355,40,1,1
0.271277893,23,1,1
0.95656617,46,1,1
0.187042393,35,1,1
0.303409229,25,1,1
0.219235042,30,1,1
0.655890052,34,1,1
1.126540689,42,1,1
1.137021864,36,1,1
0.21878312,35,1,1
0.35363929,21,1,1
0.532987091,33,1,1
0.461532785,44,1,1
0.576294709,42,1,1
0.322491796,35,1,1
0.950897659,36,1,1
0.570723634,30,1,1
0.851207572,30,1,1
0.652462035,34,1,1
0.820340934,42,1,1
0.314346121,35,1,1
0.51568996,34,1,1
0.379433097,24,1,1
1.047190949,37,1,1
0.661754255,39,1,1
0.549858784,42,1,1
0.70607757,48,1,1
0.657039632,31,1,1
1.285641325,39,1,1
0.693834711,35,1,1
0.160760155,38,1,1
0.877712094,35,1,1
0.330489186,37,1,1
0.356287157,32,1,1
0.798508765,47,1,1
0.481588047,34,1,1
0.442136439,30,1,1
0.574352026,29,1,1
0.617637625,35,1,1
0.45188134,37,1,1
0.962115699,35,1,1
0.687174933,44,1,1
0.543555125,41,1,1
0.894553835,45,1,1
0.530509366,38,1,1
0.482328004,41,1,1
1.31066899,51,1,1
0.224721349,28,1,1
0.199341943,29,1,1
0.857518356,40,1,1
0.44524169,32,1,1
1.040243343,51,1,1
0.881924399,38,1,1
0.693072962,35,1,1
0.48779151,30,1,1
0.556152535,43,1,1
0.518311053,32,1,1
0.921589175,51,1,1
0.560972675,42,1,1
0.62245242,43,1,1
0.680718184,30,1,1
0.517641876,41,1,1
0.840884689,31,1,1
0.995833253,38,1,1
0.25808237,28,1,1
1.229943841,31,1,1
0.409407587,26,1,1
0.504195561,29,1,1
0.459777436,35,1,1
0.702403132,31,1,1
0.443749429,39,1,1
0.673239304,35,1,1
1.009223189,47,1,1
0.890148485,32,1,1
0.530719036,50,1,1
0.659064453,33,1,1
1.242288614,33,1,1
0.547581733,22,1,1
0.740149472,33,1,1
0.716253791,38,1,1
0.310244621,41,1,1
1.119054174,40,1,1
0.330431894,40,1,1
0.754829711,22,1,1
0.447382937,36,1,1
0.238497093,31,1,1
1.384349744,43,1,1
0.705558313,40,1,1
1.000666295,48,1,1
0.587557212,28,1,1
0.415109438,30,1,1
0.472013772,33,1,1
0.862850628,39,1,1
0.261586093,35,1,1
0.194499733,22,1,1
0.381198345,27,1,1
0.786267018,37,1,1
0.256663836,23,1,1
0.298511211,36,1,1
1.389590221,46,1,1
0.364859753,33,1,1
0.576457098,28,1,1
0.855094877,47,1,1
0.748469582,46,1,1
0.172917874,16,1,1
0.355154793,34,1,1
0.458763187,33,1,1
0.924077487,29,1,1
0.278770716,45,1,1
1.04879702,38,1,1
0.397856658,33,1,1
0.75156292,38,1,1
0.619365767,35,1,1
0.351855093,40,1,1
0.794998517,37,1,1
1.134168305,39,1,1
0.533941552,27,1,1
0.764179687,34,1,1
0.72947465,31,1,1
0.268452564,31,1,1
1.211173194,58,1,1
0.486334956,39,1,1
0.497443339,26,1,1
0.428519518,43,1,1
0.590024947,43,1,1
0.708679919,38,1,1
1.185122152,27,1,1
0.30501793,32,1,1
0.36286495,30,1,1
0.609887689,40,1,1
0.738324006,41,1,1
0.321826333,34,1,1
0.287087451,28,1,1
0.347113289,24,1,1
0.616171144,26,1,1
0.973215121,35,1,1
0.435132431,35,1,1
0.41720598,41,1,1
0.801775409,46,1,1
0.63018167,49,1,1
0.674237077,37,1,1
1.233663405,40,1,1
0.340342464,38,1,1
0.495013906,37,1,1
1.013453271,40,1,1
0.490710027,42,1,1
0.27282775,36,1,1
0.391654844,29,1,1
0.259323444,28,1,1
0.437955756,37,1,1
0.368158308,34,1,1
0.968947634,38,1,1
0.575860823,35,1,1
0.737127087,36,1,1
0.362597428,35,1,1
0.38962299,36,1,1
0.665989913,34,1,1
1.015366361,40,1,1
0.388213862,33,1,1
0.252782383,28,1,1
0.917247166,31,1,1
0.495130025,34,1,1
0.69199162,51,1,1
0.265273838,30,1,1
0.287220026,27,1,1
1.163606192,37,1,1
0.557112875,35,1,1
0.899404589,37,1,1
0.6425883,38,1,1
0.581275568,46,1,1
0.478783692,25,1,1
0.650744945,34,1,1
0.561816408,37,1,1
0.74074959,32,1,1
0.869715802,33,1,1
0.5771788,47,1,1
0.4930659,36,1,1
0.680305758,32,1,1
0.881345275,48,1,1
0.849625068,36,1,1
1.026009109,46,1,1
0.368126283,30,1,1
0.56997353,36,1,1
1.068555678,25,1,1
0.634897497,22,1,1
0.733808331,46,1,1
0.624818751,32,1,1
0.261620331,46,1,1
0.445472971,32,1,1
1.000102078,37,1,1
0.224717863,29,1,1
0.817756632,32,1,1
0.701676882,30,1,1
1.095849279,36,1,1
0.801236581,42,1,1
0.851740553,30,1,1
0.272879667,28,1,1
0.954779919,33,1,1
0.260048046,22,1,1
0.912768327,31,1,1
0.73863809,45,1,1
0.626023506,24,1,1
0.230687857,40,1,1
0.305109133,28,1,1
0.393100931,31,1,1
0.323589117,38,1,1
1.017929178,31,1,1
0.926746881,36,1,1
0.462608129,31,1,1
0.683436705,37,1,1
0.847299026,38,1,1
0.54446327,29,1,1
0.480802495,40,1,1
0.975112865,45,1,1
0.37364295,32,1,1
0.595916495,46,1,1
0.542038615,32,1,1
0.548623549,45,1,1
0.301358921,43,1,1
1.024431536,30,1,1
0.557109147,39,1,1
0.329150881,35,1,1
0.713695917,36,1,1
0.638724694,33,1,1
0.494575923,33,1,1
0.852858706,50,1,1
0.591236281,31,1,1
0.720689071,29,1,1
0.913533305,40,1,1
1.200427119,42,1,1
0.286404566,33,1,1
0.729315638,59,1,1
0.977874036,35,1,1
0.79365725,37,1,1
0.554703359,32,1,1
0.487528857,37,1,1
1.170030973,40,1,1
0.598234749,35,1,1
0.353546302,31,1,1
0.737451605,33,1,1
0.754650782,37,1,1
0.256604197,25,1,1
0.648955112,37,1,1
0.604924412,43,1,1
0.792821123,36,1,1
0.583160139,45,1,1
0.910928027,32,1,1
0.532553308,55,1,1
0.760348284,34,1,1
0.28501041,27,1,1
1.201784714,39,1,1
0.553518379,39,1,1
0.288904445,33,1,1
0.572151341,32,1,1
0.774070413,48,1,1
0.364233835,45,1,1
1.141856888,42,1,1
0.497738259,35,1,1
0.841868698,30,1,1
1.044991893,42,1,1
0.847641704,43,1,1
0.254544968,30,1,1
0.31417581,30,1,1
1.049490972,50,1,1
1.073101533,39,1,1
0.828871957,29,1,1
0.180839336,26,1,1
0.177607454,34,1,1
0.387981019,41,1,1
0.746462575,38,1,1
0.308827419,26,1,1
0.371298074,29,1,1
0.874222833,49,1,1
0.83327258,37,1,1
0.759914899,37,1,1
0.374958413,32,1,1
1.128864289,29,1,1
0.40041533,33,1,1
1.047981028,38,1,1
0.673034462,26,1,1
0.465074176,34,1,1
1.162589512,33,1,1
1.789559193,51,1,1
0.396448041,40,1,1
0.567444404,33,1,1
0.499852254,40,1,1
0.461255286,32,1,1
1.11818067,29,1,1
0.81411789,33,1,1
0.759861011,28,1,1
0.380565661,36,1,1
0.308679903,34,1,1
0.177573049,20,1,1
0.182665082,27,1,1
0.273597698,28,1,1
0.639983718,36,1,1
0.905424543,47,1,1
0.357908918,25,1,1
0.83074484,25,1,1
0.297078614,29,1,1
0.282232359,39,1,1
0.375552158,35,1,1
0.440579696,38,1,1
0.579002482,42,1,1
0.310860805,21,1,1
0.599779491,47,1,1
0.609557033,31,1,1
0.346100868,25,1,1
0.98003061,41,1,1
0.559422393,41,1,1
0.532902374,32,1,1
0.595485083,29,1,1
0.785117283,43,1,1
0.491947236,29,1,1
0.520497366,37,1,1
0.763582015,38,1,1
0.359765985,28,1,1
0.548521191,30,1,1
0.296380618,43,1,1
1.438226136,43,1,1
0.495898628,35,1,1
0.655416989,34,1,1
0.618650677,51,1,1
0.877704353,34,1,1
0.833168522,38,1,1
0.54481788,30,1,1
0.407241939,23,1,1
0.292973274,47,1,1
0.911878215,29,1,1
0.865666775,37,1,1
0.973027788,24,1,1
0.135101087,36,1,1
0.368727721,24,1,1
1.034807853,53,1,1
0.412602983,29,1,1
0.28401035,41,1,1
0.826948124,32,1,1
0.642576894,39,1,1
0.27058889,32,1,1
0.534716706,33,1,1
0.912925293,25,2,2
1.666468324,31,2,2
1.143333615,32,2,2
0.669436117,26,2,2
0.843525435,40,2,2
1.326339963,39,2,2
1.307177337,27,2,2
2.492662945,42,2,2
0.718042516,31,2,2
1.274210274,38,2,2
0.174087841,25,2,2
0.749999451,28,2,2
0.220575898,20,2,2
0.888192231,24,2,2
0.66595175,27,2,2
0.637630937,21,2,2
1.14404432,34,2,2
0.973434893,37,2,2
0.672852412,37,2,2
1.553734942,33,2,2
0.67948216,36,2,2
0.909037954,34,2,2
0.89467638,28,2,2
0.937416783,30,2,2
0.594092459,20,2,2
0.966127813,29,2,2
1.49815583,33,2,2
0.349904276,21,2,2
0.682662798,23,2,2
1.118809661,26,2,2
0.532213913,36,2,2
0.494971551,18,2,2
0.697860607,32,2,2
1.188117657,36,2,2
0.381854252,26,2,2
0.733192739,19,2,2
0.542519347,28,2,2
0.485757636,27,2,2
0.476180156,34,2,2
0.521174743,28,2,2
1.151311117,24,2,2
0.27430908,29,2,2
0.827322914,27,2,2
0.194392524,28,2,2
0.732300027,40,2,2
0.678424534,24,2,2
1.190014046,35,2,2
0.992565974,21,2,2
0.417956398,26,2,2
0.569229321,20,2,2
0.658545036,27,2,2
0.729317436,29,2,2
0.528454342,25,2,2
0.688452232,30,2,2
1.585936376,37,2,2
1.265263799,28,2,2
0.156664211,27,2,2
1.083352273,33,2,2
1.342244209,33,2,2
1.37372309,22,2,2
0.414308917,27,2,2
1.624768396,28,2,2
0.816342985,27,2,2
0.671611714,29,2,2
0.98755102,31,2,2
0.534559619,23,2,2
0.657281663,26,2,2
0.807914437,37,2,2
0.691262138,25,2,2
0.563752862,30,2,2
0.681579547,21,2,2
0.995889478,36,2,2
0.381596176,26,2,2
0.51293623,28,2,2
1.382886792,45,2,2
0.537959732,29,2,2
0.273014765,17,2,2
0.949497785,31,2,2
0.579314516,24,2,2
1.739626998,34,2,2
1.351341041,22,2,2
1.095233662,43,2,2
0.761100475,31,2,2
0.911858609,37,2,2
0.214947959,21,2,2
0.972831476,32,2,2
0.206531217,24,2,2
1.236544073,36,2,2
1.086688983,40,2,2
0.70301537,21,2,2
0.262773389,20,2,2
0.283590232,20,2,2
0.471143206,31,2,2
1.074036803,29,2,2
0.89864257,32,2,2
0.477275076,23,2,2
0.342169868,23,2,2
0.536252755,26,2,2
1.107812054,32,2,2
1.156849831,40,2,2
1.023317075,30,2,2
0.970822505,38,2,2
1.061189081,32,2,2
0.538469825,25,2,2
0.684752937,27,2,2
0.841572289,25,2,2
0.163793498,22,2,2
0.994289989,29,2,2
1.201848332,27,2,2
0.920466402,32,2,2
0.297298322,36,2,2
0.963539853,36,2,2
0.949326227,37,2,2
2.417234596,29,2,2
1.692331949,21,2,2
0.567753484,24,2,2
1.236459865,31,2,2
0.719811758,18,2,2
1.117061108,30,2,2
0.341463058,32,2,2
0.378952849,26,2,2
1.054165016,28,2,2
1.2285303,33,2,2
0.741120567,20,2,2
0.863850971,23,2,2
0.442973165,41,2,2
1.549206805,38,2,2
1.144563337,42,2,2
0.497892129,24,2,2
1.11192127,22,2,2
0.48189075,20,2,2
0.812926757,21,2,2
0.558793656,38,2,2
0.73753251,29,2,2
0.806086021,22,2,2
0.503506084,33,2,2
1.014330809,24,2,2
0.464881173,28,2,2
0.487026918,34,2,2
0.483099867,24,2,2
0.438754612,33,2,2
0.862428414,25,2,2
0.272357171,27,2,2
0.65540356,34,2,2
0.663349379,25,2,2
0.463760158,23,2,2
0.345461566,27,2,2
0.605089339,18,2,2
0.75226655,28,2,2
0.530958788,23,2,2
0.721162094,29,2,2
0.473475017,28,2,2
0.379738638,20,2,2
0.603431718,29,2,2
0.598646861,38,2,2
1.008070703,21,2,2
0.277460498,23,2,2
0.652900063,24,2,2
0.529272673,31,2,2
0.365217836,17,2,2
1.129279712,35,2,2
0.580408773,31,2,2
0.749504261,28,2,2
1.181394779,38,2,2
0.159475086,23,2,2
0.368876127,23,2,2
1.417545254,37,2,2
0.748886149,30,2,2
0.961210761,35,2,2
0.462726053,24,2,2
0.743535316,39,2,2
1.393509694,33,2,2
0.80178978,26,2,2
0.923352372,28,2,2
0.855968165,25,2,2
0.361132521,24,2,2
0.26722704,27,2,2
1.049817575,44,2,2
1.460150581,36,2,2
0.713144561,32,2,2
0.637777579,26,2,2
1.039542256,28,2,2
0.595406202,21,2,2
0.91915569,32,2,2
0.414241292,28,2,2
0.444231437,22,2,2
0.610159446,31,2,2
0.499208532,31,2,2
0.274451586,23,2,2
0.959232108,28,2,2
0.538413879,28,2,2
0.320848756,30,2,2
2.022431619,29,2,2
0.303419306,26,2,2
0.399692046,29,2,2
0.620955648,26,2,2
0.85809898,30,2,2
0.130871511,26,2,2
0.404781213,17,2,2
1.004790834,30,2,2
1.344853713,36,2,2
0.693140775,25,2,2
0.987891637,39,2,2
0.553825918,22,2,2
0.5696816,28,2,2
0.436707388,21,2,2
0.384677787,31,2,2
0.181882614,29,2,2
0.67685206,25,2,2
0.150896536,30,2,2
0.847188254,39,2,2
0.675200119,29,2,2
0.280200011,31,2,2
0.385814711,22,2,2
1.249672061,28,2,2
0.479107629,21,2,2
0.418476102,20,2,2
0.426820401,22,2,2
1.229422498,24,2,2
1.195706008,32,2,2
0.372130332,25,2,2
1.302261635,40,2,2
1.041506717,31,2,2
0.599211427,27,2,2
0.376734133,28,2,2
0.476615405,31,2,2
0.525013871,24,2,2
0.500560087,28,2,2
0.707946325,31,2,2
0.194840521,21,2,2
0.459266929,30,2,2
0.385624437,15,2,2
0.381974703,31,2,2
1.646231045,22,2,2
1.173262602,36,2,2
1.292008256,28,2,2
1.613148563,29,2,2
0.963352387,28,2,2
0.676447219,28,2,2
1.717444347,27,2,2
1.119585771,29,2,2
0.526057522,24,2,2
1.594812907,40,2,2
1.151391409,29,2,2
0.491518067,26,2,2
0.612757493,26,2,2
1.0652796,30,2,2
0.721366092,34,2,2
0.491628406,30,2,2
1.420896484,31,2,2
1.234495102,28,2,2
1.089940927,29,2,2
0.628679763,24,2,2
0.744199006,25,2,2
1.847794573,29,2,2
1.058562073,31,2,2
1.473764316,28,2,2
0.834376076,32,2,2
0.614600834,27,2,2
1.200310462,24,2,2
0.334741394,19,2,2
0.534509369,22,2,2
0.524979666,29,2,2
0.506030436,29,2,2
0.224157933,22,2,2
0.497024416,32,2,2
1.03335825,27,2,2
0.595098564,22,2,2
0.567755944,26,2,2
0.379784154,24,2,2
0.482533288,31,2,2
0.109992439,23,2,2
0.84927523,19,2,2
0.753849278,36,2,2
0.902985862,29,2,2
0.568826301,28,2,2
0.692719163,29,2,2
0.462739289,21,2,2
0.808956901,30,2,2
1.519908671,29,2,2
1.657340286,22,2,2
1.101894478,28,2,2
0.515771813,32,2,2
1.557518619,32,2,2
0.430966544,30,2,2
0.858968663,32,2,2
0.666608502,29,2,2
0.238541395,27,2,2
1.104000719,35,2,2
0.414500425,27,2,2
0.51889104,21,2,2
0.639039528,26,2,2
0.344415742,28,2,2
0.629214828,24,2,2
1.105226421,31,2,2
0.894281772,31,2,2
0.576727364,35,2,2
1.391391858,29,2,2
0.786801019,37,2,2
0.583671011,40,2,2
0.27472155,25,2,2
1.514995612,35,2,2
1.068059282,28,2,2
0.992156369,32,2,2
1.404876116,29,2,2
1.045784212,35,2,2
0.87978362,29,2,2
0.417218846,31,2,2
0.436826993,21,2,2
0.717565959,22,2,2
0.31344779,19,2,2
1.257384744,31,2,2
0.760029324,27,2,2
1.034486937,27,2,2
1.222688336,24,2,2
0.496834757,27,2,2
0.472092485,24,2,2
0.865622339,36,2,2
0.769982596,23,2,2
0.311528618,18,2,2
0.442293669,32,2,2
1.732315579,35,2,2
1.745539755,36,2,2
1.177203444,42,2,2
1.476004455,30,2,2
0.366221277,31,2,2
1.021753513,30,2,2
0.861694538,26,2,2
0.430158313,21,2,2
0.639434416,26,2,2
0.456539431,29,2,2
0.280451523,32,2,2
0.78240445,28,2,2
0.621096823,26,2,2
1.080141375,27,2,2
0.309898652,35,2,2
0.860686494,27,2,2
0.251785753,29,2,2
0.988784863,26,2,2
0.587042036,24,2,2
0.775960052,22,2,2
0.73749666,28,2,2
0.461558708,32,2,2
0.811423596,29,2,2
0.577763959,34,2,2
0.738370533,27,2,2
2.83037377,37,2,2
0.357619936,21,2,2
0.618412939,43,2,2
0.863256734,24,2,2
1.169599473,30,2,2
1.355759705,33,2,2
1.058007473,29,2,2
0.288902366,28,2,2
0.52698175,21,2,2
0.848408323,30,2,2
0.29960277,22,2,2
1.206697583,35,2,2
0.951463932,23,2,2
0.448626056,30,2,2
0.57548589,26,2,2
0.36456639,22,2,2
0.62868016,32,2,2
0.66454947,30,2,2
0.613033421,26,2,2
1.552178796,29,2,2
1.755199246,36,2,2
2.784203752,31,2,2
1.245488646,37,2,2
1.167747273,28,2,2
1.161519662,34,2,2
1.071817428,22,2,2
0.825574398,24,2,2
0.905779969,24,2,2
0.340266332,28,2,2
0.32758876,29,2,2
0.641394472,38,2,2
1.213557846,21,2,2
0.101311872,17,2,2
1.035199778,36,2,2
1.21027061,25,2,2
1.352827536,41,2,2
0.545337844,29,2,2
0.658003057,30,2,2
2.142415703,45,2,2
0.58736435,15,2,2
1.516000168,35,2,2
0.740017561,35,2,2
1.124127739,37,2,2
0.533747844,28,2,2
0.465535627,17,2,2
1.14662098,36,2,2
1.005852735,24,2,2
0.992764801,23,2,2
0.303296997,22,2,2
0.472287422,23,2,2
0.626213725,27,2,2
0.256907012,28,2,2
0.786289057,38,2,2
0.792540956,26,2,2
0.772365922,33,2,2
0.251593621,23,2,2
0.425146737,28,2,2
0.502988732,31,2,2
1.151418322,26,2,2
0.317340224,24,2,2
1.595692646,29,2,2
0.289438479,22,2,2
1.069570934,28,2,2
0.122430874,17,2,2
0.374457565,18,2,2
1.131409649,37,2,2
1.072158045,23,2,2
0.922140947,30,2,2
0.46237356,33,2,2
1.055218525,30,2,2
1.266487831,40,2,2
0.591993705,19,2,2
0.929217704,27,2,2
0.047984458,20,2,2
0.289789939,28,2,2
0.839563314,24,2,2
1.115590521,36,2,2
0.745467452,29,2,2
0.577018232,27,2,2
0.551303521,32,2,2
1.048801901,32,2,2
0.722416917,25,2,2
0.635790752,26,2,2
0.491289557,22,2,2
1.042305197,31,2,2
0.551566913,26,2,2
0.851629775,26,2,2
0.497252771,29,2,2
0.66199991,33,2,2
1.323947767,24,2,2
1.206523329,22,2,2
0.462234917,26,2,2
1.29728458,40,2,2
0.246085896,15,2,2
1.246908079,27,2,2
1.269556613,34,2,2
1.460397103,42,2,2
0.229564922,25,2,2
0.709976699,30,2,2
0.217319472,25,2,2
0.466288167,38,2,2
0.290942129,22,2,2
0.383911912,42,2,2
0.163643353,27,2,2
1.433735971,37,2,2
1.029688645,20,2,2
0.511957067,22,2,2
1.051144331,28,2,2
0.365553403,29,2,2
0.216457601,21,2,2
1.202525895,36,2,2
0.972082595,34,2,2
0.599385281,26,2,2
0.533312482,23,2,2
0.287426258,27,2,2
0.430265551,36,2,2
0.484207898,25,2,2
0.58384088,25,2,2
0.255298508,23,2,2
0.602515984,30,2,2
0.41608935,37,2,2
0.494206804,21,2,2
0.614721964,33,2,2
0.574037179,29,2,2
0.240278185,19,2,2
0.957412038,31,2,2
0.516475656,24,2,2
0.49511339,35,2,2
0.915266669,37,2,2
0.46415546,19,2,2
0.664278304,28,2,2
0.593935485,31,2,2
0.50973608,25,2,2
0.375758567,29,2,2
0.529212564,21,2,2
0.158112992,27,2,2
0.543897373,30,2,2
1.417558057,39,2,2
0.586839145,29,2,2
1.994116778,39,2,2
0.496016113,29,2,2
0.441232135,26,2,2
0.534756187,22,2,2
0.373964862,23,2,2
0.099297685,22,2,2
0.513053797,35,2,2
1.133865063,24,2,2
0.75337395,22,2,2
0.969349882,35,2,2
0.592312014,30,2,2
0.965697003,37,2,2
0.579090955,21,2,2
0.490514371,24,2,2
0.375102386,18,2,2
0.985270576,32,2,2
0.375420702,26,2,2
1.015162289,35,2,2
0.578511333,21,2,2
0.737094388,30,2,2
0.529827439,33,2,2
1.011578499,34,2,2
0.410530911,20,2,2
0.388175355,15,2,2
0.169037367,27,2,2
0.603328408,36,2,2
0.762372241,28,2,2
0.251651293,30,2,2
0.353980211,22,2,2
0.451661451,24,2,2
0.692837724,27,2,2
0.347386348,23,2,2
1.077599639,34,2,2
0.603899926,33,2,2
1.077002676,26,2,2
0.577257183,30,2,2
0.793796802,21,2,2
0.535195192,33,2,2
0.826996232,24,2,2
1.44677505,35,2,2
0.700563456,34,2,2
0.548158518,26,2,2
0.273401804,29,2,2
0.825034444,27,2,2
0.370729851,31,2,2
1.362829857,31,2,2
1.110244035,31,2,2
1.057179778,33,2,2
0.728884885,27,2,2
0.795727403,35,2,2
0.749711361,39,2,2
0.405465364,23,2,2
1.184561162,28,2,2
0.885542615,24,2,2
0.249482145,34,2,2
0.523567033,24,2,2
0.346645034,32,2,2
0.461574845,26,2,2
0.456736078,23,2,2
1.092550575,33,2,2
1.089999276,28,2,2
0.933692406,17,2,2
0.330219383,35,2,2
0.268706272,19,2,2
0.565353491,23,2,2
0.778326655,32,2,2
1.041609292,29,2,2
0.88361628,36,2,2
1.423732538,34,2,2
0.397995785,21,2,2
0.623206023,29,2,2
0.443250398,32,2,2
1.214569734,39,2,2
1.559400908,35,2,2
0.505724426,26,2,2
0.846977324,29,2,2
0.724349559,23,2,2
0.419089313,23,2,2
1.095050846,22,2,2
0.29714745,21,2,2
0.814515915,19,2,2
1.191415932,29,2,2
0.557941945,28,2,2
0.85089576,32,2,2
1.649587809,30,2,2
1.222546895,22,2,2
0.581410256,21,2,2
0.238347311,25,2,2
0.318754536,30,2,2
1.905025768,26,2,2
1.081561366,32,2,2
0.533139164,28,2,2
1.352907407,23,2,2
0.398735784,30,2,2
1.650853478,40,2,2
0.843946573,35,2,2
0.270914565,24,2,2
0.832381749,26,2,2
0.822998942,27,2,2
0.585887704,36,2,2
1.624989731,41,2,2
1.433239387,34,2,2
0.797479352,28,2,2
0.56291526,30,2,2
0.290864028,24,2,2
0.714010058,35,2,2
0.877738335,15,2,2
0.728381557,20,2,2
0.620400516,22,2,2
0.543240524,25,2,2
0.460401336,28,2,2
0.749128759,24,2,2
1.523137686,32,2,2
0.427802074,31,2,2
0.653317545,30,2,2
0.769622182,36,2,2
0.722579232,29,2,2
1.534088681,34,2,2
0.377716657,28,2,2
0.708250677,26,2,2
0.207980581,28,2,2
0.747253518,35,2,2
0.287306139,23,2,2
0.392397046,28,2,2
1.164807395,32,2,2
0.934798588,28,2,2
0.67900542,31,2,2
1.431195839,32,2,2
0.794229215,22,2,2
0.398725153,21,2,2
1.318391165,32,2,2
1.149807705,33,2,2
0.611436364,32,2,2
0.437133458,26,2,2
0.737504797,33,2,2
0.392870792,22,2,2
0.361763033,22,2,2
0.251052175,22,2,2
0.522644093,22,2,2
1.266027459,35,2,2
1.080410533,29,2,2
0.184056767,18,2,2
0.324245274,27,2,2
0.423338794,23,2,2
1.807137057,33,2,2
0.323172102,25,2,2
0.764773054,29,2,2
0.39306543,26,2,2
0.959216492,27,2,2
0.714336047,22,2,2
0.525819362,30,2,2
0.631009465,33,2,2
0.378364458,18,2,2
0.455765973,35,2,2
0.558869218,25,2,2
0.484551541,27,2,2
1.334952153,31,2,2
0.583116564,27,2,2
0.569442561,30,2,2
0.588678543,22,2,2
0.830915414,36,2,2
0.535636594,29,2,2
0.364489835,21,2,2
0.93243489,32,2,2
0.518830632,37,2,2
0.265174274,25,2,2
0.442904241,31,2,2
0.286135481,28,2,2
0.775368485,21,2,2
0.662843128,27,2,2
0.359291393,33,2,2
0.827652584,30,2,2
1.240432525,35,2,2
0.428358457,28,2,2
1.529316746,30,2,2
0.891456042,22,2,2
0.925082303,28,2,2
0.779239878,30,2,2
0.914281429,31,2,2
0.362099804,26,2,2
1.706568733,21,2,2
1.464621247,40,2,2
0.378900165,34,2,2
1.160063263,28,2,2
0.848689097,27,2,2
0.913479519,36,2,2
1.062083584,34,2,2
0.810569474,16,2,2
0.626856516,31,2,2
0.242077057,22,2,2
0.546078838,25,2,2
1.409766333,34,2,2
0.447843552,28,2,2
1.306205756,32,2,2
0.755410672,31,2,2
0.472687621,25,2,2
0.465244737,31,2,2
0.879594417,24,2,2
1.161682623,25,2,2
0.377269911,28,2,2
0.734951514,26,2,2
0.38690757,23,2,2
0.814632322,22,2,2
0.591282657,33,2,2
1.311549419,30,2,2
1.0355988,33,2,2
1.578684175,26,2,2
1.237298374,33,2,2
0.573596757,24,2,2
0.369052673,30,2,2
0.896062003,21,2,2
0.462117681,27,2,2
0.33761706,32,2,2
1.481676554,31,2,2
0.899627819,35,2,2
0.688775246,26,2,2
0.428931427,25,2,2
0.391222396,23,2,2
1.301678076,30,2,2
0.278250122,26,2,2
0.487069864,32,2,2
0.731620642,28,2,2
1.381219811,32,2,2
0.684197771,36,2,2
1.082742555,29,2,2
0.725866949,24,2,2
0.950297654,29,2,2
0.530308008,26,2,2
0.684035533,19,2,2
1.290299195,28,2,2
0.838207814,25,2,2
0.702977615,38,2,2
1.085368965,28,2,2
1.002325104,32,2,2
0.690345812,30,2,2
1.19665928,36,2,2
2.17890822,36,2,2
1.233573197,27,2,2
0.893552474,24,2,2
0.97028178,38,2,2
0.41810446,31,2,2
0.762439454,28,2,2
0.42607241,27,2,2
1.172062066,26,2,2
0.343159989,26,2,2
0.528946845,19,2,2
0.6344173,30,2,2
0.833266652,38,2,2
0.657699353,24,2,2
0.974146491,32,2,2
0.964746982,24,2,2
0.570894146,23,2,2
0.787577068,34,2,2
0.661587789,29,2,2
0.644136649,34,2,2
0.826490235,31,2,2
0.558502748,16,2,2
0.714285132,27,2,2
1.035854804,32,2,2
0.537151452,25,2,2
0.615497062,33,2,2
0.619170911,26,2,2
0.480438492,28,2,2
0.46485852,28,2,2
0.735672135,32,2,2
0.422501788,32,2,2
2.342565062,33,2,2
0.917040964,28,2,2
0.821977965,33,2,2
0.506538689,29,2,2
0.628152632,28,2,2
0.799106213,29,2,2
1.320734158,29,2,2
0.382205349,30,2,2
1.414486815,39,2,2
1.187066015,48,2,2
0.322678004,19,2,2
1.630849496,30,2,2
0.488630974,23,2,2
0.300171653,29,2,2
0.320802267,28,2,2
0.977337253,24,2,2
1.273898424,29,2,2
0.705007614,26,2,2
1.406989062,44,2,2
0.742327351,26,2,2
0.36602183,31,2,2
1.20578782,23,2,2
0.929463531,29,2,2
1.255923807,21,2,2
0.539559696,22,2,2
1.709980755,32,2,2
0.89730929,29,2,2
0.787715602,31,2,2
0.592843316,36,2,2
1.638952575,34,2,2
0.628524599,29,2,2
0.862592307,35,2,2
0.717166221,28,2,2
0.533772956,23,2,2
0.809047852,25,2,2
0.843545816,20,2,2
0.654236101,26,2,2
0.5616983,27,2,2
1.236387785,21,2,2
0.467898118,33,2,2
0.577259764,23,2,2
0.861930517,35,2,2
0.306606239,35,2,2
0.522022774,29,2,2
1.507617493,23,2,2
0.702284475,31,2,2
0.541833567,42,2,2
0.494437143,27,2,2
0.565489246,27,2,2
0.568639906,34,2,2
0.364827279,32,2,2
0.766045949,34,2,2
0.17397909,20,2,2
0.332750298,19,2,2
0.488462028,26,2,2
0.567710873,27,2,2
0.634700778,35,2,2
0.221301076,25,2,2
0.689884545,31,2,2
1.160408342,35,2,2
0.633850359,19,2,2
0.453107444,27,2,2
0.328423304,22,2,2
1.826107469,34,2,2
0.297528005,28,2,2
0.606135714,30,2,2
0.901139066,33,2,2
1.691000527,24,2,2
0.444543178,26,2,2
0.958010618,27,2,2
0.531876896,26,2,2
0.471487788,33,2,2
1.459628181,34,2,2
0.931095823,25,2,2
1.355489766,33,2,2
0.37497391,23,2,2
0.628185836,32,2,2
0.988599773,25,2,2
0.699395717,29,2,2
0.213955852,20,2,2
0.786724445,27,2,2
1.911483363,42,2,2
1.144224774,45,2,2
0.999549842,20,2,2
0.271103444,33,2,2
0.723255087,29,2,2
1.015541365,26,2,2
0.461085674,22,2,2
0.467199243,36,2,2
0.543675793,29,2,2
1.174397641,28,2,2
0.567365064,22,2,2
1.761582714,36,2,2
0.537312372,26,2,2
0.711600104,26,2,2
1.037909041,28,2,2
1.797991082,32,2,2
0.253574452,24,2,2
0.843979167,25,2,2
0.761837808,30,2,2
0.597428461,30,2,2
1.404275836,27,2,2
0.545365121,32,2,2
0.244349786,29,2,2
0.842877417,39,2,2
1.323434801,36,2,2
0.495878684,23,2,2
0.544142371,27,2,2
0.686911668,29,2,2
1.159636321,26,2,2
0.396929621,36,2,2
4.030266263,40,2,2
1.448513809,42,2,2
0.32248097,25,2,2
1.271035561,34,2,2
1.348350464,39,2,2
0.630039127,21,2,2
0.463447073,19,2,2
1.632416545,30,2,2
0.423877037,21,2,2
0.648002745,22,2,2
0.978292051,28,2,2
1.727851326,39,2,2
1.389665545,25,2,2
0.909303567,40,2,2
0.681191494,32,2,2
0.812129442,30,2,2
0.428189633,27,2,2
0.675965661,41,2,2
1.741090288,23,2,2
0.802567638,24,2,2
0.807252909,20,2,2
1.014692842,26,2,2
0.326061036,25,2,2
1.337475949,42,2,2
1.685222792,29,2,2
0.886188087,24,2,2
0.581614137,39,2,2
0.286681458,25,2,2
0.441300322,33,2,2
0.590454592,22,2,2
0.187397937,26,2,2
0.53314549,25,2,2
0.371807338,24,2,2
1.073471161,37,2,2
0.457777477,28,2,2
1.017680415,35,2,2
0.532127086,29,2,2
0.393833819,27,2,2
